{"ENV_Online Simulation_TotalLoss": 5628.888780212384, "ENV_Online Simulation_TotalLoss_epoch0": 5660.1830240936915, "ENV_Online Simulation_Right action": 0.6618309368891745, "ENV_Online Simulation_Right action_epoch0": 0.6560391145497528, "ENV_Online Simulation_Probability to choose the right action": 0.5698007826655186, "ENV_Online Simulation_Probability to choose the right action_epoch0": 0.5653506482877133, "ENV_Online Simulation_Weighted right action": 0.6592047456249627, "ENV_Online Simulation_Weighted right action_epoch0": 0.6540926018417115, "ENV_Online Simulation_Weighted probability to choose the right action:": 0.5697981089489136, "ENV_Online Simulation_Weighted probability to choose the right action:_epoch0": 0.565349025734563, "_timestamp": 1711394354.7814982, "_runtime": 1834.6006062030792, "_step": 8, "ENV_Train_TotalLoss": 1097.33263062486, "ENV_Train_TotalLoss_epoch0": 1157.0805400591316, "ENV_Train_Right action": 0.7730334880080505, "ENV_Train_Right action_epoch0": 0.7537427137645201, "ENV_Train_Probability to choose the right action": 0.6841182962191777, "ENV_Train_Probability to choose the right action_epoch0": 0.6621153411622751, "ENV_Train_Weighted right action": 0.7730334880080505, "ENV_Train_Weighted right action_epoch0": 0.7537427137645201, "ENV_Train_Weighted probability to choose the right action:": 0.6841182962191777, "ENV_Train_Weighted probability to choose the right action:_epoch0": 0.6621153411622751, "ENV_Test_TotalLoss": 235.07374868354773, "ENV_Test_TotalLoss_epoch0": 250.16705736911362, "ENV_Test_Right action": 0.776512, "ENV_Test_Right action_epoch0": 0.76384, "ENV_Test_Probability to choose the right action": 0.7151754830686395, "ENV_Test_Probability to choose the right action_epoch0": 0.7129056431592437, "ENV_Test_Weighted right action": 0.8256659751615063, "ENV_Test_Weighted right action_epoch0": 0.8081063900946187, "ENV_Test_Weighted probability to choose the right action:": 0.7597886926393176, "ENV_Test_Weighted probability to choose the right action:_epoch0": 0.7562523956049324, "ENV_Test_proba_accuracy": 0.7151754830686392, "ENV_Test_proba_accuracy_epoch0": 0.7129056431592443, "ENV_Test_proba_accuracy_strategy_132": 0.7610430369242694, "ENV_Test_proba_accuracy_strategy_132_epoch0": 0.757736691351322, "ENV_Test_proba_accuracy_strategy_23": 0.7118033067535475, "ENV_Test_proba_accuracy_strategy_23_epoch0": 0.7083897941759688, "ENV_Test_proba_accuracy_strategy_107": 0.8119773314703886, "ENV_Test_proba_accuracy_strategy_107_epoch0": 0.8072521404966264, "ENV_Test_proba_accuracy_strategy_43": 0.7249836174706265, "ENV_Test_proba_accuracy_strategy_43_epoch0": 0.7216472341363718, "ENV_Test_proba_accuracy_strategy_17": 0.6830256368201775, "ENV_Test_proba_accuracy_strategy_17_epoch0": 0.6832944765602262, "ENV_Test_proba_accuracy_strategy_93": 0.7218852575284763, "ENV_Test_proba_accuracy_strategy_93_epoch0": 0.7204370791781308, "ENV_Test_proba_accuracy_per_mean_strategy": 0.7357863644945809, "ENV_Test_proba_accuracy_per_mean_strategy_epoch0": 0.7331262359831077, "ENV_Test_proba_accuracy_per_mean_user": 0.725411577853268, "ENV_Test_proba_accuracy_per_mean_user_epoch0": 0.7235079175303585, "ENV_Test_proba_accuracy_per_mean_user_and_bot": 0.759788692639318, "ENV_Test_proba_accuracy_per_mean_user_and_bot_epoch0": 0.7562523956049325, "ENV_Test_accuracy": 0.776512, "ENV_Test_accuracy_epoch0": 0.76384, "ENV_Test_accuracy_strategy_132": 0.8135977337110482, "ENV_Test_accuracy_strategy_132_epoch0": 0.7977337110481586, "ENV_Test_accuracy_strategy_23": 0.7771853288091776, "ENV_Test_accuracy_strategy_23_epoch0": 0.7634512845370819, "ENV_Test_accuracy_strategy_107": 0.8866995073891626, "ENV_Test_accuracy_strategy_107_epoch0": 0.8620689655172413, "ENV_Test_accuracy_strategy_43": 0.7798982188295165, "ENV_Test_accuracy_strategy_43_epoch0": 0.7735368956743003, "ENV_Test_accuracy_strategy_17": 0.7416061705989111, "ENV_Test_accuracy_strategy_17_epoch0": 0.7332123411978222, "ENV_Test_accuracy_strategy_93": 0.7874306839186691, "ENV_Test_accuracy_strategy_93_epoch0": 0.7661737523105361, "ENV_Test_accuracy_per_mean_strategy": 0.7977362738760808, "ENV_Test_accuracy_per_mean_strategy_epoch0": 0.7826961583808568, "ENV_Test_accuracy_per_mean_user": 0.78758596923073, "ENV_Test_accuracy_per_mean_user_epoch0": 0.7753925250665841, "ENV_Test_accuracy_per_mean_user_and_bot": 0.8256659751615066, "ENV_Test_accuracy_per_mean_user_and_bot_epoch0": 0.8081063900946186, "ENV_Online Simulation_TotalLoss_epoch1": 5628.280282869878, "ENV_Online Simulation_Right action_epoch1": 0.6611875548931414, "ENV_Online Simulation_Probability to choose the right action_epoch1": 0.5676225077342084, "ENV_Online Simulation_Weighted right action_epoch1": 0.6580273278865476, "ENV_Online Simulation_Weighted probability to choose the right action:_epoch1": 0.567626127362046, "ENV_Train_TotalLoss_epoch1": 1104.5176383691107, "ENV_Train_Right action_epoch1": 0.7695565276943074, "ENV_Train_Probability to choose the right action_epoch1": 0.681506195650282, "ENV_Train_Weighted right action_epoch1": 0.7695565276943074, "ENV_Train_Weighted probability to choose the right action:_epoch1": 0.681506195650282, "ENV_Test_TotalLoss_epoch1": 241.27600635047818, "ENV_Test_Right action_epoch1": 0.774016, "ENV_Test_Probability to choose the right action_epoch1": 0.7216093542355256, "ENV_Test_Weighted right action_epoch1": 0.8205710121273718, "ENV_Test_Weighted probability to choose the right action:_epoch1": 0.7642826872613031, "ENV_Test_proba_accuracy_epoch1": 0.7216093542355264, "ENV_Test_proba_accuracy_strategy_132_epoch1": 0.7630936809587864, "ENV_Test_proba_accuracy_strategy_23_epoch1": 0.7204971112244013, "ENV_Test_proba_accuracy_strategy_107_epoch1": 0.8120453808168604, "ENV_Test_proba_accuracy_strategy_43_epoch1": 0.7289364116126974, "ENV_Test_proba_accuracy_strategy_17_epoch1": 0.6899207354571243, "ENV_Test_proba_accuracy_strategy_93_epoch1": 0.7278511218136693, "ENV_Test_proba_accuracy_per_mean_strategy_epoch1": 0.740390740313923, "ENV_Test_proba_accuracy_per_mean_user_epoch1": 0.7303238598958353, "ENV_Test_proba_accuracy_per_mean_user_and_bot_epoch1": 0.764282687261303, "ENV_Test_accuracy_epoch1": 0.774016, "ENV_Test_accuracy_strategy_132_epoch1": 0.8113314447592068, "ENV_Test_accuracy_strategy_23_epoch1": 0.7786395217321054, "ENV_Test_accuracy_strategy_107_epoch1": 0.8702791461412152, "ENV_Test_accuracy_strategy_43_epoch1": 0.7843511450381679, "ENV_Test_accuracy_strategy_17_epoch1": 0.7336660617059891, "ENV_Test_accuracy_strategy_93_epoch1": 0.7818853974121996, "ENV_Test_accuracy_per_mean_strategy_epoch1": 0.7933587861314807, "ENV_Test_accuracy_per_mean_user_epoch1": 0.7837331057132584, "ENV_Test_accuracy_per_mean_user_and_bot_epoch1": 0.8205710121273723, "ENV_Online Simulation_TotalLoss_epoch2": 5628.888780212384, "ENV_Online Simulation_Right action_epoch2": 0.6618309368891745, "ENV_Online Simulation_Probability to choose the right action_epoch2": 0.5698007826655186, "ENV_Online Simulation_Weighted right action_epoch2": 0.6592047456249627, "ENV_Online Simulation_Weighted probability to choose the right action:_epoch2": 0.5697981089489136, "ENV_Train_TotalLoss_epoch2": 1097.33263062486, "ENV_Train_Right action_epoch2": 0.7730334880080505, "ENV_Train_Probability to choose the right action_epoch2": 0.6841182962191777, "ENV_Train_Weighted right action_epoch2": 0.7730334880080505, "ENV_Train_Weighted probability to choose the right action:_epoch2": 0.6841182962191777, "ENV_Test_TotalLoss_epoch2": 235.07374868354773, "ENV_Test_Right action_epoch2": 0.776512, "ENV_Test_Probability to choose the right action_epoch2": 0.7151754830686395, "ENV_Test_Weighted right action_epoch2": 0.8256659751615063, "ENV_Test_Weighted probability to choose the right action:_epoch2": 0.7597886926393176, "ENV_Test_proba_accuracy_epoch2": 0.7151754830686392, "ENV_Test_proba_accuracy_strategy_132_epoch2": 0.7610430369242694, "ENV_Test_proba_accuracy_strategy_23_epoch2": 0.7118033067535475,