{"ENV_Online Simulation_TotalLoss": 5646.286056141969, "ENV_Online Simulation_TotalLoss_epoch0": 5646.286056141969, "ENV_Online Simulation_Right action": 0.6577906726842897, "ENV_Online Simulation_Right action_epoch0": 0.6577906726842897, "ENV_Online Simulation_Probability to choose the right action": 0.5665158004673125, "ENV_Online Simulation_Probability to choose the right action_epoch0": 0.5665158004673125, "ENV_Online Simulation_Weighted right action": 0.6557858209645728, "ENV_Online Simulation_Weighted right action_epoch0": 0.6557858209645728, "ENV_Online Simulation_Weighted probability to choose the right action:": 0.5665221744592724, "ENV_Online Simulation_Weighted probability to choose the right action:_epoch0": 0.5665221744592724, "_timestamp": 1711388231.162632, "_runtime": 431.6854429244995, "_step": 2, "ENV_Train_TotalLoss": 1114.9807365707366, "ENV_Train_TotalLoss_epoch0": 1114.9807365707366, "ENV_Train_Right action": 0.7641146787067195, "ENV_Train_Right action_epoch0": 0.7641146787067195, "ENV_Train_Probability to choose the right action": 0.6768148555335464, "ENV_Train_Probability to choose the right action_epoch0": 0.6768148555335464, "ENV_Train_Weighted right action": 0.7641146787067195, "ENV_Train_Weighted right action_epoch0": 0.7641146787067195, "ENV_Train_Weighted probability to choose the right action:": 0.6768148555335464, "ENV_Train_Weighted probability to choose the right action:_epoch0": 0.6768148555335464, "ENV_Test_TotalLoss": 236.20844037037276, "ENV_Test_TotalLoss_epoch0": 236.20844037037276, "ENV_Test_Right action": 0.774336, "ENV_Test_Right action_epoch0": 0.774336, "ENV_Test_Probability to choose the right action": 0.7146707881883186, "ENV_Test_Probability to choose the right action_epoch0": 0.7146707881883186, "ENV_Test_Weighted right action": 0.8222926996644385, "ENV_Test_Weighted right action_epoch0": 0.8222926996644385, "ENV_Test_Weighted probability to choose the right action:": 0.7606764550758488, "ENV_Test_Weighted probability to choose the right action:_epoch0": 0.7606764550758488, "ENV_Test_proba_accuracy": 0.7146707881883179, "ENV_Test_proba_accuracy_epoch0": 0.7146707881883179, "ENV_Test_proba_accuracy_strategy_132": 0.7596401302439154, "ENV_Test_proba_accuracy_strategy_132_epoch0": 0.7596401302439154, "ENV_Test_proba_accuracy_strategy_23": 0.7115813522048424, "ENV_Test_proba_accuracy_strategy_23_epoch0": 0.7115813522048424, "ENV_Test_proba_accuracy_strategy_107": 0.8130958231948102, "ENV_Test_proba_accuracy_strategy_107_epoch0": 0.8130958231948102, "ENV_Test_proba_accuracy_strategy_43": 0.7270875093259505, "ENV_Test_proba_accuracy_strategy_43_epoch0": 0.7270875093259505, "ENV_Test_proba_accuracy_strategy_17": 0.6815142826807066, "ENV_Test_proba_accuracy_strategy_17_epoch0": 0.6815142826807066, "ENV_Test_proba_accuracy_strategy_93": 0.7206260330162636, "ENV_Test_proba_accuracy_strategy_93_epoch0": 0.7206260330162636, "ENV_Test_proba_accuracy_per_mean_strategy": 0.7355908551110816, "ENV_Test_proba_accuracy_per_mean_strategy_epoch0": 0.7355908551110816, "ENV_Test_proba_accuracy_per_mean_user": 0.7257489062645381, "ENV_Test_proba_accuracy_per_mean_user_epoch0": 0.7257489062645381, "ENV_Test_proba_accuracy_per_mean_user_and_bot": 0.7606764550758488, "ENV_Test_proba_accuracy_per_mean_user_and_bot_epoch0": 0.7606764550758488, "ENV_Test_accuracy": 0.774336, "ENV_Test_accuracy_epoch0": 0.774336, "ENV_Test_accuracy_strategy_132": 0.8073654390934845, "ENV_Test_accuracy_strategy_132_epoch0": 0.8073654390934845, "ENV_Test_accuracy_strategy_23": 0.7776700597834868, "ENV_Test_accuracy_strategy_23_epoch0": 0.7776700597834868, "ENV_Test_accuracy_strategy_107": 0.8686371100164204, "ENV_Test_accuracy_strategy_107_epoch0": 0.8686371100164204, "ENV_Test_accuracy_strategy_43": 0.7843511450381679, "ENV_Test_accuracy_strategy_43_epoch0": 0.7843511450381679, "ENV_Test_accuracy_strategy_17": 0.7377495462794919, "ENV_Test_accuracy_strategy_17_epoch0": 0.7377495462794919, "ENV_Test_accuracy_strategy_93": 0.7828096118299446, "ENV_Test_accuracy_strategy_93_epoch0": 0.7828096118299446, "ENV_Test_accuracy_per_mean_strategy": 0.7930971520068325, "ENV_Test_accuracy_per_mean_strategy_epoch0": 0.7930971520068325, "ENV_Test_accuracy_per_mean_user": 0.784546458353324, "ENV_Test_accuracy_per_mean_user_epoch0": 0.784546458353324, "ENV_Test_accuracy_per_mean_user_and_bot": 0.8222926996644389, "ENV_Test_accuracy_per_mean_user_and_bot_epoch0": 0.8222926996644389, "_wandb": {"runtime": 650}}